Region,Subregion,Country,1990,1991,1992,1993,1994,1995,1996,1997,1998,1999,2000,2001,2002,2003,2004,2005,2006,2007,2008,2009,2010,2011,2012,2013,2014,2015,2016,2017,2018,2019,2020,2021,2022
Africa,North Africa,Algeria,1.46,1.21,2.14,2.51,3.15,2.94,3.09,3.64,3.97,3.76,3.43,3.82,3.7,3.25,3.28,2.83,2.64,2.92,3.02,3.85,3.52,4.33,4.46,4.84,5.55,6.27,6.38,5.92,5.48,6,6.69,5.59,4.78
Africa,North Africa,Libya,NA,NA,NA,NA,NA,NA,NA,4.08,5.3,3.78,3.15,2.41,2.07,2.07,2.07,1.53,1.12,0.95,1.49,NA,NA,NA,3.75,7.64,15.48,NA,NA,NA,NA,NA,NA,NA,NA
Africa,North Africa,Morocco,4.15,4.14,4.3,4.66,4.49,4.35,3.95,4.19,3.46,2.9,2.21,3.73,3.49,3.49,3.25,3.26,3.11,3.05,3.18,3.29,3.39,3.3,3.46,3.81,3.68,3.23,3.22,3.18,3.13,3.08,4.21,3.94,3.9
Africa,North Africa,Tunisia,1.84,1.83,1.71,1.73,1.74,1.74,1.87,1.73,1.68,1.56,1.55,1.52,1.49,1.48,1.43,1.45,1.45,1.26,1.29,1.29,1.24,1.49,1.44,1.56,1.81,2.14,2.22,2.03,1.98,2.38,2.71,2.64,2.48
Africa,sub-Saharan Africa,Angola,17.46,7.1,5.68,17.52,5.71,4.71,2.45,5.97,2.64,17.33,6.39,4.52,2.87,3.76,3.47,3.69,3.76,3.11,3.57,4.71,4.18,3.26,3.24,4.46,4.7,3.11,2.73,2.51,1.96,1.74,1.7,1.29,1.33
Africa,sub-Saharan Africa,Benin,1.23,NA,NA,NA,NA,NA,NA,NA,NA,0.49,0.41,0.36,0.62,0.65,0.68,0.68,0.67,NA,0.66,NA,NA,NA,0.7,0.69,0.7,0.8,0.67,0.92,0.63,0.47,0.46,0.55,0.56
Africa,sub-Saharan Africa,Botswana,4.45,4.6,4.48,4.93,4.01,3.51,2.9,3.2,3.78,3.09,3.19,3.83,4.11,4.01,3.51,2.86,2.75,2.9,3.1,3.26,2.76,2.4,2.34,2.15,2.21,2.83,3.41,3.25,2.92,3.08,3.33,3.05,2.74
Africa,sub-Saharan Africa,Burkina Faso,2.7,2.17,2.05,1.86,1.42,1.38,1.29,1.42,1.28,1.39,1.24,1.16,1.18,1.07,1.21,1.2,1.11,1.42,1.24,1.35,1.22,1.15,1.18,1.24,1.27,1.25,1.17,1.36,1.91,2.24,2.2,2.4,3.09
Africa,sub-Saharan Africa,Burundi,3.45,3.79,3.6,3.72,3.92,4.21,5.86,6.36,6.57,6.26,4.86,6.07,5.44,5.53,4.9,4.44,3.51,3.41,2.72,NA,NA,NA,2.53,2.48,2.3,2.13,2.24,2,2.15,2.81,2.19,2.04,2.76
Africa,sub-Saharan Africa,Cameroon,1.47,1.51,1.53,1.33,1.31,1.25,1.22,1.3,1.4,1.44,1.32,1.29,1.34,1.38,1.4,1.14,1.23,1.24,1.26,1.23,1.29,1.14,1.18,1.17,1.1,1.1,1.15,1.14,1.08,1.06,0.96,0.98,0.95
Africa,sub-Saharan Africa,Cape Verde,NA,NA,0.99,0.76,0.84,1.27,0.84,0.83,0.86,0.84,1.15,0.75,0.67,0.65,0.63,0.65,0.56,0.52,0.6,0.49,0.5,0.52,0.56,0.53,0.54,0.56,0.61,0.53,0.54,0.49,0.66,0.58,0.55
Africa,sub-Saharan Africa,Central African Republic,NA,1.57,1.64,1.5,1.26,1.17,1.21,NA,NA,NA,NA,NA,1.09,1.26,1.15,1.09,NA,1.09,1.55,1.75,2.41,2.05,1.7,2.83,2.03,1.58,1.47,1.34,1.34,1.79,1.86,2.15,1.7
Africa,sub-Saharan Africa,Chad,1.98,NA,1.88,2.68,1.88,1.39,1.54,1.08,0.92,1.37,1.36,1.35,1.52,1.32,1.01,0.83,3,4.49,5.89,7.96,5.76,5.01,NA,5.59,2.81,2.02,3.04,2.2,2.3,2.14,3.01,2.81,2.93
Africa,sub-Saharan Africa,"Congo, DR",NA,NA,NA,5.23,NA,NA,1.55,1.41,0.43,1.16,0.22,NA,NA,0.88,1.34,1.38,1.42,1.23,0.81,0.66,0.85,0.92,1.13,1.15,0.95,1.3,1.07,0.77,0.62,0.7,0.74,0.54,0.58
Africa,sub-Saharan Africa,"Congo, Republic",NA,NA,3.83,3.64,NA,NA,NA,NA,NA,NA,NA,1.79,2.12,2.43,2.44,1.52,1.57,1.92,1.79,NA,1.66,NA,NA,2.04,3.94,NA,4.94,3.38,2.14,2.35,2.89,2.48,1.85
Africa,sub-Saharan Africa,Cote d'Ivoire,0.96,0.99,1.02,0.97,0.73,NA,0.61,0.58,NA,NA,NA,NA,NA,1.01,1.1,1.06,1.09,1.15,1.1,1.25,1.13,1.01,1.1,1,1.07,1.24,1.26,0.98,1.05,0.92,0.99,0.91,0.89
Africa,sub-Saharan Africa,Djibouti,NA,6.65,6.76,6.16,5.76,5.79,5.08,5.47,5.65,5.48,5.07,NA,NA,NA,5.61,4.51,4.59,2.9,2.63,NA,NA,NA,NA,NA,NA,NA,NA,NA,NA,NA,NA,NA,NA
Africa,sub-Saharan Africa,Equatorial Guinea,NA,NA,NA,NA,1.99,2.05,NA,NA,NA,NA,NA,NA,NA,NA,NA,NA,NA,1.5,1.48,2.47,NA,NA,NA,NA,0.77,1.04,1.24,1.13,1.14,1.3,1.62,1.46,1.1
Africa,sub-Saharan Africa,Eritrea,NA,NA,NA,21.33,12.72,19.54,20.34,11.86,32.5,34.38,32.66,22.14,20.67,20.87,NA,NA,NA,NA,NA,NA,NA,NA,NA,NA,NA,NA,NA,NA,NA,NA,NA,NA,NA
Africa,sub-Saharan Africa,Ethiopia,9.66,5.71,3.44,3.07,2.87,2.23,2.12,3.34,7.28,9.51,7.61,4.35,3.72,3.24,3.07,2.81,2.31,1.9,1.52,1.2,1.15,1.09,0.87,0.81,0.77,0.71,0.68,0.68,0.65,0.58,0.52,0.49,0.9
Africa,sub-Saharan Africa,Gabon,NA,NA,NA,NA,NA,NA,NA,NA,NA,NA,1.8,1.79,1.78,1.67,1.61,1.25,1.28,NA,NA,NA,1.87,1.46,1.62,1.6,1.14,1.19,1.45,1.81,1.55,1.58,1.72,1.54,1.26
Africa,sub-Saharan Africa,"Gambia, The",0.46,0.5,0.41,0.28,0.26,0.3,0.4,0.41,0.38,0.33,0.32,0.23,0.24,0.23,0.19,0.28,0.26,0.36,1.09,0.48,NA,NA,0.79,0.74,1.21,1.04,NA,NA,0.72,0.77,0.81,0.77,0.69
Africa,sub-Saharan Africa,Ghana,0.28,0.37,0.38,0.42,0.43,0.34,0.29,0.29,0.33,0.33,0.44,0.26,0.26,0.3,0.28,0.26,0.26,0.37,0.29,0.34,0.28,0.44,0.59,0.4,0.48,0.39,0.29,0.31,0.33,0.34,0.35,0.38,0.35
Africa,sub-Saharan Africa,Guinea,NA,2.38,1.69,1.34,1.36,NA,NA,1.17,1.25,1.6,1.53,3.1,3.32,2.44,2.23,NA,NA,NA,NA,NA,NA,NA,2.29,2.35,2.24,2.52,1.88,1.77,1.64,1.45,1.44,1.48,2.04
Africa,sub-Saharan Africa,Guinea-Bissau,NA,NA,NA,NA,0.32,0.5,0.57,0.65,1.4,NA,2.63,1.63,1.56,1.58,NA,1.89,NA,NA,NA,1.55,1.82,1.52,2.33,1.96,1.89,1.48,1.26,1.31,1.41,1.57,1.69,1.6,1.61
Africa,sub-Saharan Africa,Kenya,2.89,2.35,1.9,1.84,1.64,1.65,1.42,1.34,1.22,1.19,1.31,1.5,1.63,1.65,1.61,1.69,1.46,1.55,1.62,1.37,1.37,1.38,1.49,1.4,1.2,1.2,1.25,1.24,1.21,1.11,1.11,1.07,1
Africa,sub-Saharan Africa,Lesotho,3.55,2.89,2.71,2.48,2.74,3.24,2.82,2.71,2.85,3.56,3.28,2.74,2.52,2.37,2.13,2.05,2.07,2.37,1.55,2.72,3.16,2.26,2.15,2.03,1.95,1.87,1.96,2.27,2,1.84,1.82,1.56,1.47
Africa,sub-Saharan Africa,Liberia,NA,7.18,10.13,18.98,29.73,NA,NA,NA,NA,NA,NA,NA,NA,NA,0.63,0.86,0.48,0.31,0.5,0.65,0.82,1.06,1.18,1.08,1.03,1.05,1.06,0.94,0.94,0.94,0.97,1,1.27
Africa,sub-Saharan Africa,Madagascar,1.23,1.3,0.77,1.12,0.93,0.86,1.24,1.48,1.35,1.21,1.22,1.44,1.31,1.32,1.25,1.07,0.98,0.96,0.96,0.74,0.57,0.62,0.59,0.58,0.56,0.52,0.5,0.51,0.53,0.55,0.67,0.69,0.65
Africa,sub-Saharan Africa,Malawi,1.31,1.08,1.4,1.26,1.42,0.79,0.88,0.99,0.81,0.81,0.67,0.74,0.42,0.41,0.63,1.05,0.78,0.76,0.84,0.95,0.72,0.66,0.77,0.81,0.58,0.45,0.45,0.53,0.59,0.76,0.83,0.76,0.64
Africa,sub-Saharan Africa,Mali,1.96,NA,NA,1.56,1.44,1.5,1.43,1.5,1.4,1.49,1.48,1.3,1.27,1.42,1.42,1.38,1.39,1.36,1.47,1.42,1.37,1.24,1.2,1.16,1.52,2.36,2.59,3.03,2.82,2.75,3.43,3.44,2.83
Africa,sub-Saharan Africa,Mauritania,3.83,3.6,2.69,2.41,2.24,2.26,2.63,2.97,1.86,2.27,2.93,4,2.74,4,3.84,3.05,2.69,NA,3.06,3.14,NA,NA,2.11,2,2.2,2.16,2.15,2.12,2.13,2,2.39,2.29,2.27
Africa,sub-Saharan Africa,Mauritius,0.35,0.37,0.35,0.33,0.33,0.33,0.29,0.23,0.2,0.21,0.2,0.19,0.2,0.19,0.17,0.16,0.15,0.14,0.16,0.17,0.15,0.15,0.14,0.19,0.15,0.14,0.17,0.17,0.16,0.15,0.16,0.17,0.17
Africa,sub-Saharan Africa,Mozambique,5.86,2.61,2.97,2.87,3.3,1.46,1.11,1.1,1.14,1.25,1.28,1.24,1.27,1.28,1.36,0.95,0.81,0.67,0.66,0.71,0.89,0.83,0.85,0.93,0.98,0.84,0.93,0.99,1.34,1.42,2.02,1.89,1.51
Africa,sub-Saharan Africa,Namibia,6.42,5.62,4.25,2.46,1.75,1.95,1.9,2.3,2.32,3.12,2.71,3.01,2.62,2.62,2.53,2.65,2.5,2.61,3.14,3.37,3.51,3.57,3.17,3.21,4.33,4.53,3.97,3.52,3.33,3.3,3.48,3.25,3
Africa,sub-Saharan Africa,Niger,NA,NA,NA,NA,1.23,0.97,0.86,0.93,1.06,1.17,1.16,1.32,0.96,0.93,1.09,0.72,NA,NA,0.74,0.74,0.88,0.98,1.62,1.05,1.34,NA,1.6,1.81,1.79,1.92,1.73,1.35,1.66
Africa,sub-Saharan Africa,Nigeria,0.83,0.77,0.56,0.93,0.78,0.48,0.41,0.44,0.55,0.86,0.54,0.78,0.95,0.57,0.49,0.4,0.35,0.37,0.49,0.51,0.54,0.58,0.5,0.47,0.41,0.42,0.43,0.43,0.51,0.46,0.63,1.01,0.64
Africa,sub-Saharan Africa,Rwanda,3.73,5.51,4.29,4.54,3.44,0.61,5.33,4.17,4.38,4.45,3.54,3.4,3.05,2.45,1.97,1.74,1.64,1.37,1.31,1.33,1.22,1.09,1.04,1.05,1.1,1.21,1.24,1.25,1.23,1.2,1.47,1.51,1.45
Africa,sub-Saharan Africa,Senegal,1.63,1.55,1.44,1.67,1.35,1.31,1.24,1.2,1.18,1.2,1.05,1.12,1.1,1.12,1.06,1.13,1.27,1.38,1.29,1.34,1.22,1.29,1.11,1.25,1.21,1.21,1.6,1.47,1.67,1.53,1.4,1.74,1.57
Africa,sub-Saharan Africa,Seychelles,4.03,4.42,4.73,2.76,2.44,2.28,2.1,2.02,1.73,1.78,1.68,1.78,1.68,1.73,1.9,1.6,1.41,1.47,1.15,1.02,0.74,0.86,0.94,1.04,2.23,1.28,1.47,1.41,1.31,1.29,1.57,2.78,1.38
Africa,sub-Saharan Africa,Sierra Leone,1.31,2.04,2.69,2.08,1.99,1.97,1.35,0.76,1.02,1.74,2.51,2.74,2.16,2.05,1.58,1.43,1.49,1.35,0.94,1.08,0.97,0.87,0.78,0.64,0.97,0.92,1.12,1.09,0.75,0.67,0.55,0.61,0.6
Africa,sub-Saharan Africa,Somalia,NA,NA,NA,NA,NA,NA,NA,NA,NA,NA,NA,NA,NA,NA,NA,NA,NA,NA,NA,NA,NA,NA,NA,NA,NA,NA,NA,NA,NA,NA,NA,NA,NA
Africa,sub-Saharan Africa,South Africa,3.89,3.22,2.82,2.5,2.56,2.12,1.76,1.58,1.38,1.27,1.39,1.48,1.53,1.47,1.36,1.23,1.15,1.06,1.04,1.09,1,1,1.03,1.03,1.02,1.01,0.97,0.94,0.9,0.88,0.96,0.81,0.74
Africa,sub-Saharan Africa,South Sudan,NA,NA,NA,NA,NA,NA,NA,NA,NA,NA,NA,NA,NA,NA,NA,NA,NA,NA,5.76,4.97,4.14,6.09,8.77,6.57,8.46,8.91,4.01,2.06,3.2,3.35,2.28,2.63,3.02
Africa,sub-Saharan Africa,Sudan,4.81,4.99,4.39,4.92,3.9,1.67,1.27,0.95,2.38,4.01,4.79,2.94,3.27,2.26,5.78,3.31,3.64,4.08,4.98,5.45,NA,NA,NA,NA,NA,2.71,2.28,3.29,1.78,1.63,0.98,0.92,NA
Africa,sub-Saharan Africa,Eswatini,1.28,1.38,1.63,1.75,1.82,1.69,1.65,1.49,1.65,1.68,1.44,1.29,1.3,1.47,1.54,1.9,1.81,1.64,2.01,2.1,2.37,2.22,1.91,1.95,1.82,1.75,2.07,1.92,2.1,1.89,1.86,1.78,1.65
Africa,sub-Saharan Africa,Tanzania,2.05,2.18,2.11,1.38,1.29,1.63,1.56,1.54,1.6,1.49,1.49,1.45,1.3,1.07,0.99,0.82,0.79,0.76,0.7,0.76,0.9,0.9,0.91,0.97,1.02,1.09,1.09,1.06,1.06,1.02,1.05,1.08,1.09
Africa,sub-Saharan Africa,Togo,3.12,2.86,2.93,4.03,2.58,1.86,NA,NA,NA,NA,NA,NA,NA,1.37,1.41,1.46,NA,NA,1.72,1.64,1.66,1.53,1.62,1.68,1.82,1.67,1.84,1.87,1.96,3.15,2.84,3.11,5.44
Africa,sub-Saharan Africa,Uganda,2.97,2.51,1.66,1.93,2.02,2.1,2.21,2.12,2.44,2.66,1.76,1.68,1.63,1.69,1.77,1.68,1.5,1.39,1.35,1.43,2.46,2.54,1.17,1.34,0.89,1.04,1.04,1.11,1.23,1.75,2.68,2.58,2.06
Africa,sub-Saharan Africa,Zambia,3.41,2.34,2.71,1.43,1.72,1.45,1.05,1.01,NA,1.65,NA,NA,NA,NA,1.58,1.85,1.74,2.06,2.08,1.73,1.38,1.26,1.39,1.43,1.66,1.79,1.45,1.3,1.44,1.26,1.17,0.98,1.19
Africa,sub-Saharan Africa,Zimbabwe,4.1,3.98,3.8,3.3,3.11,3.18,2.88,3,NA,2.24,3.05,2.55,6.31,2.03,2.71,1.45,1.99,NA,NA,NA,0.82,1.41,1.86,1.87,1.89,1.89,1.74,1.59,1.14,0.73,0.26,0.82,0.43
Americas,Central America and the Caribbean,Belize,0.87,0.79,0.76,0.82,1.02,0.98,0.94,1.08,NA,NA,0.64,0.64,0.64,0.66,0.68,0.73,0.78,0.81,1.08,1.03,0.88,0.85,0.8,0.88,0.93,0.89,0.96,1.01,1.01,1.01,1.25,1.01,0.86
Americas,Central America and the Caribbean,Costa Rica,NA,NA,NA,NA,NA,NA,NA,NA,NA,NA,NA,NA,NA,NA,NA,NA,NA,NA,NA,NA,NA,NA,NA,NA,NA,NA,NA,NA,NA,NA,NA,NA,NA
Americas,Central America and the Caribbean,Cuba,NA,NA,NA,NA,NA,NA,NA,NA,NA,NA,NA,NA,NA,NA,NA,NA,NA,NA,NA,3.38,3.33,3.08,3.94,3.51,3.54,3.08,3.07,2.87,2.88,NA,NA,NA,NA
Americas,Central America and the Caribbean,Dominican Republic,0.68,0.35,0.56,0.76,0.73,0.55,0.63,0.8,0.78,0.82,1.03,1.21,1.06,0.76,0.69,0.77,0.68,0.63,0.7,0.67,0.67,0.6,0.65,0.61,0.65,0.64,0.63,0.67,0.69,0.69,0.75,0.65,0.72
Americas,Central America and the Caribbean,El Salvador,3.41,2.73,2.25,1.68,1.35,1.18,1.07,1.01,0.92,0.92,0.84,1.09,1.13,0.84,0.81,0.9,0.89,0.97,0.96,1.08,1.09,1.09,1.05,1.08,1.04,1.06,1.02,1.04,1.13,1.18,1.4,1.22,1.32
Americas,Central America and the Caribbean,Guatemala,1.73,1.27,1.47,1.27,1.18,1.08,0.9,0.74,0.72,0.68,0.92,1.05,0.76,0.82,0.48,0.38,0.43,0.4,0.47,0.4,0.44,0.46,0.48,0.47,0.42,0.41,0.44,0.38,0.37,0.43,0.44,0.4,0.46
Americas,Central America and the Caribbean,Haiti,0.1,0.11,0.11,0.11,0.08,0.11,NA,NA,NA,NA,NA,NA,NA,NA,NA,NA,NA,NA,NA,NA,NA,NA,NA,0.03,0.04,0.05,0.05,0.05,0.09,0.08,0.17,0.11,0.07
Americas,Central America and the Caribbean,Honduras,2.2,1.54,NA,1.16,NA,NA,NA,NA,NA,NA,0.73,0.82,0.81,1,0.68,0.64,0.69,0.78,0.95,1.07,1.07,1.13,1.15,1.6,1.55,1.67,1.66,1.72,1.61,1.62,1.48,1.54,1.53
Americas,Central America and the Caribbean,Jamaica,0.84,0.76,1.11,0.82,0.63,0.54,0.57,0.66,0.54,0.51,0.49,0.5,0.59,0.58,0.54,0.53,0.61,0.65,0.95,0.95,0.87,0.93,0.93,0.9,0.87,0.87,0.95,0.97,1.33,1.68,1.71,1.47,1.31
Americas,Central America and the Caribbean,Mexico,0.43,0.44,0.47,0.44,0.52,0.45,0.48,0.46,0.45,0.46,0.45,0.44,0.42,0.41,0.36,0.36,0.31,0.4,0.39,0.5,0.45,0.47,0.48,0.51,0.51,0.47,0.5,0.44,0.48,0.52,0.74,0.68,0.61
Americas,Central America and the Caribbean,Nicaragua,NA,4,2.63,2.1,1.19,1.1,0.95,0.89,0.74,0.72,0.78,0.68,0.87,0.86,0.73,0.7,0.55,0.53,0.5,0.5,0.51,0.53,0.67,0.68,0.69,0.78,0.64,0.63,0.63,0.61,0.63,0.54,0.53
Americas,Central America and the Caribbean,Panama,1.26,1.23,1.08,1.2,1.19,1.12,1.09,1.17,0.95,0.97,NA,NA,NA,NA,NA,NA,NA,NA,NA,NA,NA,NA,NA,NA,NA,NA,NA,NA,NA,NA,NA,NA,NA
Americas,Central America and the Caribbean,Trinidad and Tobago,NA,NA,NA,0.49,0.49,NA,NA,NA,NA,NA,NA,0.16,0.21,0.29,0.56,0.6,0.62,0.57,0.49,0.71,0.64,0.57,0.66,0.79,0.7,0.83,0.95,0.89,0.69,0.71,0.74,0.89,0.72
Americas,North America,Canada,1.96,1.9,1.86,1.82,1.7,1.55,1.4,1.25,1.26,1.24,1.11,1.13,1.12,1.11,1.1,1.11,1.12,1.19,1.25,1.38,1.19,1.19,1.12,1,0.99,1.15,1.16,1.35,1.32,1.28,1.4,1.27,1.24
Americas,North America,United States of America,5.61,4.88,4.97,4.6,4.22,3.86,3.55,3.41,3.2,3.09,3.11,3.12,3.45,3.83,4.02,4.09,4.04,4.07,4.45,4.88,4.9,4.82,4.46,4.03,3.69,3.48,3.42,3.32,3.32,3.43,3.7,3.46,3.45
Americas,South America,Argentina,1.45,1.51,1.42,1.42,1.46,1.47,1.24,1.14,1.14,1.22,1.15,1.18,1.09,1.06,0.88,0.85,0.79,0.79,0.76,0.89,0.81,0.76,0.78,0.84,0.88,0.85,0.81,0.86,0.73,0.7,0.73,0.63,0.41
Americas,South America,Bolivia,2.82,2.69,2.51,1.92,2.25,2.1,1.99,2.27,2.69,2.13,2.06,2.32,1.99,2.15,1.9,1.72,1.47,1.49,1.96,1.76,1.71,1.68,1.85,1.84,1.9,1.76,1.53,1.54,1.5,1.45,1.39,1.41,1.48
Americas,South America,Brazil,2.36,1.96,1.52,1.93,2.02,1.86,1.65,1.58,1.66,1.65,1.73,1.95,1.9,1.5,1.46,1.52,1.48,1.47,1.44,1.54,1.54,1.41,1.38,1.33,1.33,1.37,1.35,1.41,1.47,1.38,1.33,1.16,1.05
Americas,South America,Chile,3.4,2.85,2.63,2.71,2.6,2.56,2.45,2.5,2.59,2.71,2.69,2.65,2.53,2.7,2.71,2.53,2.51,2.33,2.58,2.28,2.25,2.26,2.05,1.99,1.97,1.91,1.92,1.94,1.88,1.86,2.09,1.93,1.83
Americas,South America,Colombia,1.86,1.85,2.11,2.53,2.51,2.83,4.45,2.8,3.44,3.76,3.03,3.32,3.42,3.46,3.47,3.37,3.3,3.29,3.74,3.89,3.64,3.08,3.16,3.27,3.11,3.11,3.07,3.21,3.03,3.15,3.53,3.24,3.08
Americas,South America,Ecuador,1.89,1.78,1.67,1.82,1.56,2.34,1.95,2.1,2.36,1.75,1.45,1.57,1.77,2.28,1.94,2.3,2.03,2.57,2.67,3.12,3.01,3.1,2.95,2.88,2.74,2.62,2.51,2.36,2.35,2.18,2.37,2.24,2.16
Americas,South America,Guyana,0.91,0.58,0.97,0.95,1.01,0.92,0.79,NA,NA,NA,1.77,2.02,2.29,2.2,2.81,1.41,0.81,0.91,1.01,0.98,0.91,0.88,0.83,0.84,0.95,1.08,1.15,1.25,1.29,1.3,1.4,1,0.57
Americas,South America,Paraguay,2.13,2.83,2.37,2.18,2.05,2.28,2.06,1.69,1.54,1.39,1.24,1.07,0.97,0.83,0.88,0.72,0.79,0.74,0.68,0.75,0.75,0.84,0.96,0.96,0.99,1.07,0.95,0.89,0.96,0.97,1.03,0.93,0.83
Americas,South America,Peru,2.68,2.02,2.51,2.75,2.47,2.64,2.5,2,2.02,1.93,1.79,1.75,1.54,1.51,1.38,1.58,1.46,1.3,1.25,1.53,1.48,1.37,1.48,1.64,1.6,1.75,1.32,1.27,1.19,1.21,1.31,1.18,1.15
Americas,South America,Uruguay,3.53,2.39,2.85,2.79,2.58,2.71,2.81,2.4,2.26,2.39,2.44,2.5,2.53,2.24,2.04,2,2.01,1.78,1.87,1.82,1.88,1.72,1.8,1.82,1.81,1.82,1.72,1.81,1.97,1.89,2.04,2.1,1.9
Americas,South America,Venezuela,1.52,1.84,1.64,2.15,1.59,1.55,1.04,1.8,1.59,1.44,1.53,1.56,1.15,1.18,1.29,1.83,1.98,1.89,1.79,1.23,1.01,1.13,1.34,1.67,1.16,0.94,0.45,2.23,0.15,1.79,1.58,0.31,0.65
Asia & Oceania,Oceania,Australia,2.08,2.17,2.17,2.18,2.12,2.02,1.93,1.87,1.87,1.89,1.83,1.87,1.87,1.85,1.83,1.8,1.82,1.81,1.8,1.92,1.85,1.76,1.67,1.64,1.77,1.95,2.09,2,1.9,1.88,2.01,1.99,1.9
Asia & Oceania,Oceania,Fiji,2.11,2.17,1.84,1.81,1.7,1.63,1.42,1.36,1.26,1.13,1.76,1.82,1.55,1.49,1.58,1.32,1.61,2.24,1.52,1.79,1.61,1.61,1.49,1.39,1.54,0.91,1.1,1.4,1.46,1.44,1.59,1.6,1.4
Asia & Oceania,Oceania,New Zealand,2.33,2.26,2.07,1.9,1.83,1.82,1.78,1.7,1.7,1.62,1.67,1.58,1.45,1.39,1.25,1.14,1.24,1.18,1.15,1.22,1.21,1.16,1.12,1.04,1,0.99,1.04,1.05,1.11,1.29,1.34,1.17,1.18
Asia & Oceania,Oceania,Papua New Guinea,1.42,0.92,0.89,0.92,1.01,0.78,1.02,1.08,0.88,0.69,0.64,0.55,0.37,0.35,0.39,0.42,0.38,0.41,0.34,0.45,0.33,0.36,0.52,0.49,0.48,0.46,0.38,0.36,0.33,0.36,0.4,0.34,0.33
Asia & Oceania,South Asia,Afghanistan,NA,NA,NA,NA,NA,NA,NA,NA,NA,NA,NA,NA,NA,NA,2.43,1.99,1.9,2.57,2.34,2.09,1.95,1.82,1.18,1.08,1.3,0.99,0.96,0.95,1.01,1.17,1.36,1.83,NA
Asia & Oceania,South Asia,Bangladesh,1.22,1.21,1.36,1.43,1.53,1.57,1.54,1.57,1.57,1.58,1.36,1.29,1.05,1,1,0.97,0.99,1,0.94,1.03,1.18,1.22,1.18,1.11,1.14,1.21,1.23,1.13,1.15,1.24,1.24,1.2,1.13
Asia & Oceania,South Asia,India,3.15,2.91,2.7,2.82,2.66,2.58,2.47,2.65,2.73,2.96,2.95,2.92,2.83,2.68,2.83,2.91,2.68,2.48,2.63,3.13,2.89,2.7,2.62,2.55,2.54,2.46,2.54,2.53,2.42,2.55,2.81,2.47,2.43
Asia & Oceania,South Asia,Nepal,1.08,1.1,1.07,1.05,0.97,0.94,0.9,0.88,0.93,0.95,0.96,1.1,1.45,1.59,1.79,1.93,1.75,1.55,1.6,1.44,1.37,1.35,1.24,1.34,1.43,1.37,1.47,1.48,1.35,1.24,1.32,1.23,1.14
Asia & Oceania,South Asia,Pakistan,6.52,6.57,6.7,6.43,5.92,5.82,6.04,5.62,5.42,5.19,4.17,3.88,4.07,4.09,3.96,3.9,3.65,3.51,3.46,3.27,3.42,3.29,3.48,3.48,3.49,2.99,2.95,3.08,3.27,3.29,3.02,2.87,2.63
Asia & Oceania,South Asia,Sri Lanka,2.33,3.08,3.37,3.43,3.73,5.86,5.52,4.63,4.64,4.03,5.03,4.29,3.34,2.87,3,2.64,2.8,3.26,3.24,3.16,2.7,2.69,2.16,2.15,2.41,2.42,1.98,1.98,1.73,1.75,1.74,1.89,1.43
Asia & Oceania,East Asia,China,2.45,2.31,2.45,1.93,1.69,1.69,1.65,1.63,1.66,1.87,1.84,1.98,2.06,2,1.94,1.87,1.87,1.75,1.72,1.89,1.73,1.66,1.7,1.71,1.74,1.78,1.77,1.71,1.67,1.68,1.76,1.61,1.6
Asia & Oceania,East Asia,Japan,0.94,0.94,0.95,0.95,0.92,0.92,0.91,0.92,0.94,0.95,0.92,0.93,0.94,0.94,0.93,0.92,0.9,0.88,0.91,0.97,0.95,0.97,0.96,0.94,0.96,0.95,0.93,0.91,0.96,0.99,1.02,1.02,1.08
Asia & Oceania,East Asia,"Korea, North",NA,NA,NA,NA,NA,NA,NA,NA,NA,NA,NA,NA,NA,NA,NA,NA,NA,NA,NA,NA,NA,NA,NA,NA,NA,NA,NA,NA,NA,NA,NA,NA,NA
Asia & Oceania,East Asia,"Korea, South",4,3.71,3.69,3.42,3.19,2.89,2.74,2.66,2.79,2.49,2.46,2.43,2.32,2.33,2.33,2.47,2.49,2.47,2.49,2.6,2.46,2.47,2.5,2.5,2.53,2.49,2.46,2.42,2.5,2.67,2.8,2.81,2.72
Asia & Oceania,East Asia,Mongolia,4.28,3.23,1.91,1.71,1.65,1.62,1.78,1.64,1.91,1.84,2.02,1.78,1.8,1.51,1.38,1.02,0.96,1.05,0.82,0.63,0.76,0.84,0.92,0.82,0.86,0.88,0.86,0.76,0.73,0.69,0.78,0.63,0.6
Asia & Oceania,East Asia,Taiwan,5.22,4.97,4.69,4.96,4.66,4.11,4.02,3.72,3.29,3.15,2.65,2.66,2.44,2.35,2.25,2.13,1.97,2,2.15,2.33,2.04,2.06,2.12,1.94,1.85,1.87,1.82,1.82,1.74,1.82,1.87,1.73,1.61
Asia & Oceania,South East Asia,Brunei,6.44,6.4,6.25,5.74,5.98,5.48,6.25,7.18,7.53,6.13,4.07,3.89,3.87,3.71,2.53,2.35,2.3,2.38,2.26,2.94,2.85,2.24,2.16,2.28,3.09,3.28,3.54,2.87,2.64,3.08,3.63,3.24,2.37
Asia & Oceania,South East Asia,Cambodia,2.07,2.33,3.15,1.76,3.84,3.58,3.24,3,2.66,2.51,2.21,1.77,1.52,1.45,1.3,1.13,1.04,0.91,0.8,1.31,1.49,1.5,1.55,1.58,1.66,1.8,1.91,2.07,2.21,2.2,2.45,2.35,2.1
Asia & Oceania,South East Asia,Indonesia,1.41,1.32,1.36,1.22,1.27,1.23,1.26,1.5,1.02,0.81,0.68,0.57,0.7,0.91,0.95,0.75,0.66,0.71,0.58,0.57,0.62,0.65,0.71,0.92,0.78,0.88,0.79,0.87,0.72,0.73,0.89,0.74,0.7
Asia & Oceania,South East Asia,Laos,NA,NA,8.68,8.11,7.52,5.83,4.19,3.84,2.59,1.06,0.79,0.72,0.58,0.49,0.43,0.39,0.34,0.31,0.27,0.22,0.2,0.21,0.2,0.19,NA,NA,NA,NA,NA,NA,NA,NA,NA
Asia & Oceania,South East Asia,Malaysia,2.56,3.2,2.99,2.88,2.85,2.75,2.4,2.09,1.61,2.1,1.63,2.08,2.22,2.61,2.26,2.17,2.01,1.96,1.82,1.87,1.49,1.55,1.41,1.5,1.46,1.5,1.38,1.1,0.96,0.89,1,0.99,0.96
Asia & Oceania,South East Asia,Myanmar,3.4,3.17,3.35,3.52,3.54,3.68,3.49,2.31,2.01,1.73,2,1.56,1.13,1.67,1.66,1.35,NA,NA,NA,NA,NA,NA,3.85,4,3.79,4.3,4.09,3.64,2.36,2.19,2.99,3.39,3.05
Asia & Oceania,South East Asia,Philippines,2.15,2.01,2.04,2.16,2.17,2.29,2.27,1.91,1.7,1.62,1.61,1.47,1.47,1.55,1.36,1.28,1.26,1.29,1.25,1.2,1.17,1.15,1.11,1.19,1.04,1.09,1.05,1.17,1.18,1.13,1.3,1.41,1
Asia & Oceania,South East Asia,Singapore,4.63,4.45,4.47,4.09,3.79,4.18,4.25,4.45,5.21,5.21,4.52,4.83,4.92,4.87,4.42,4.28,3.92,3.6,3.85,3.88,3.38,3.19,3.11,3.04,3.05,3.05,3.1,2.97,2.81,2.77,2.84,2.78,2.77
Asia & Oceania,South East Asia,Thailand,2.59,2.65,2.66,2.52,2.5,2.27,2.15,2.17,1.86,1.62,1.49,1.43,1.35,1.24,1.08,1.05,1.1,1.34,1.53,1.7,1.45,1.49,1.38,1.4,1.41,1.43,1.42,1.39,1.36,1.35,1.45,1.31,1.16
Asia & Oceania,South East Asia,Timor Leste,NA,NA,NA,NA,NA,NA,NA,NA,NA,NA,NA,NA,NA,NA,NA,1.78,3.77,4.37,3.65,5.02,2.99,1.97,2.88,2.27,2.05,2.32,1.59,1.59,1.32,1.7,1.78,1.08,1.11
Asia & Oceania,South East Asia,Viet Nam,7.91,5.6,3.37,2.26,2.65,NA,NA,NA,NA,NA,NA,NA,NA,2.13,2.01,1.78,1.94,2.3,2.16,2.27,2.31,1.98,2.16,2.18,2.29,2.36,2.44,2.27,2.28,NA,NA,NA,NA
Asia & Oceania,Central Asia,Kazakhstan,NA,NA,NA,1.06,0.84,1.03,1.2,1.11,1.15,0.82,0.78,1,1,1.03,0.99,1.04,0.98,1.3,1.15,1.1,1.01,0.94,1.05,1.08,1.04,NA,0.93,0.83,0.84,1.02,0.91,0.82,0.51
Asia & Oceania,Central Asia,Kyrgyz Republic,NA,NA,0.85,0.83,1.09,1.79,1.55,1.76,1.59,1.85,1.88,1.45,1.62,1.7,1.68,1.61,1.67,1.34,1.19,1.43,1.61,1.39,1.63,1.62,1.71,1.75,1.7,1.58,1.54,1.45,1.68,1.56,1.48
Asia & Oceania,Central Asia,Tajikistan,NA,NA,0,0,0,1.1,1.29,1.7,1.71,1.39,0.6,0.58,1.05,1.12,1.13,NA,NA,NA,1.02,0.95,0.95,1.09,1,NA,1.13,1.28,1.21,1.04,1.05,1.02,0.98,0.93,1.02
Asia & Oceania,Central Asia,Turkmenistan,NA,NA,NA,NA,1.8,2.32,2.04,3.96,3.11,2.9,NA,NA,NA,NA,NA,NA,NA,NA,NA,NA,NA,NA,NA,NA,NA,NA,NA,NA,NA,NA,NA,NA,NA
Asia & Oceania,Central Asia,Uzbekistan,NA,NA,NA,NA,1.53,1.11,1.23,1.4,NA,1.64,1.15,0.83,0.6,0.54,NA,NA,NA,NA,NA,NA,NA,NA,NA,NA,NA,NA,NA,NA,3.56,NA,NA,NA,NA
Europe,Central Europe,Albania,5.89,5.79,4.67,3.2,2.55,2.05,1.38,1.28,1.24,1.25,1.25,1.31,1.32,1.34,1.38,1.35,1.57,1.82,1.98,1.52,1.56,1.53,1.49,1.41,1.35,1.16,1.1,1.11,1.16,1.28,1.3,1.22,1.58
Europe,Central Europe,Bosnia and Herzegovina,NA,NA,NA,NA,NA,NA,NA,NA,NA,NA,NA,NA,3.9,2.42,1.89,1.54,1.39,1.24,1.22,1.38,1.28,1.14,1.15,1.09,1.03,1,0.93,0.86,0.85,0.82,0.84,0.93,0.81
Europe,Central Europe,Bulgaria,3.83,3.04,2.97,2.61,2.49,2.37,2.4,2.43,2.45,2.65,2.65,2.86,2.78,2.69,2.37,2.24,2.08,2.23,2.13,1.74,1.64,1.31,1.33,1.45,1.31,1.25,1.24,1.22,1.45,3.13,1.59,1.52,1.51
Europe,Central Europe,Croatia,NA,NA,7.61,10.73,11.15,9.18,8.16,7.52,5.6,4.42,3.02,2.7,2.71,2.03,1.74,1.75,1.67,1.62,1.83,1.79,1.68,1.75,1.67,1.63,1.82,1.76,1.6,1.64,1.55,1.61,1.71,2.01,2.17
Europe,Central Europe,Czechia,NA,NA,NA,2.33,2.28,1.84,1.73,1.66,1.83,1.86,1.88,1.75,1.82,1.89,1.71,1.78,1.57,1.42,1.23,1.31,1.19,1.08,1.06,1.02,0.97,0.95,1,0.96,1.09,1.15,1.32,1.4,1.36
Europe,Central Europe,Czechoslovakia,NA,NA,NA,NA,NA,NA,NA,NA,NA,NA,NA,NA,NA,NA,NA,NA,NA,NA,NA,NA,NA,NA,NA,NA,NA,NA,NA,NA,NA,NA,NA,NA,NA
Europe,Central Europe,Estonia,NA,NA,NA,0.76,1.04,0.96,0.87,1.05,1.07,1.29,1.38,1.5,1.67,1.74,1.7,1.45,1.39,1.66,1.77,1.8,1.7,1.68,1.9,1.91,1.93,2.03,2.07,2.01,2.01,2.05,2.29,2.01,2.09
Europe,Central Europe,German Democratic Republic,NA,NA,NA,NA,NA,NA,NA,NA,NA,NA,NA,NA,NA,NA,NA,NA,NA,NA,NA,NA,NA,NA,NA,NA,NA,NA,NA,NA,NA,NA,NA,NA,NA
Europe,Central Europe,Hungary,2.56,2.16,2.18,1.91,1.82,1.32,1.26,1.48,1.27,1.43,1.51,1.57,1.59,1.64,1.47,1.41,1.22,1.27,1.18,1.13,1.02,1.04,1.03,0.94,0.86,0.9,1,1.19,1.01,1.34,1.76,1.68,1.53
Europe,Central Europe,Kosovo,NA,NA,NA,NA,NA,NA,NA,NA,NA,NA,NA,NA,NA,NA,NA,NA,NA,NA,0.02,0.48,0.72,0.8,0.7,0.72,0.76,0.79,0.78,0.8,0.8,0.83,1.02,0.85,1.13
Europe,Central Europe,Latvia,NA,NA,0.65,0.74,0.84,0.81,0.64,0.58,0.59,0.75,0.88,1.04,1.54,1.61,1.6,1.61,1.71,1.55,1.62,1.38,1.08,1.07,0.91,0.94,0.94,1.04,1.45,1.59,2.06,2.01,2.15,2.07,2.05
Europe,Central Europe,Lithuania,NA,NA,NA,0.81,0.49,0.45,0.5,0.75,1.23,0.97,1.22,1.36,1.27,1.12,1.2,1.16,1.17,1.11,1.13,1.08,0.88,0.79,0.77,0.76,0.88,1.14,1.48,1.71,1.97,2,2.07,1.97,2.52
Europe,Central Europe,North Macedonia,NA,NA,4.35,NA,NA,NA,2.81,2.13,2.1,1.71,1.85,6.1,2.65,2.34,2.38,2.03,1.84,1.95,1.74,1.69,1.38,1.26,1.23,1.17,1.09,0.99,0.97,0.9,0.94,1.16,1.27,1.47,1.61
Europe,Central Europe,Montenegro,NA,NA,NA,NA,NA,NA,NA,NA,NA,NA,NA,NA,NA,NA,NA,2.69,2.29,1.74,1.87,1.84,1.81,1.75,1.66,1.45,1.47,1.4,1.41,1.36,1.37,1.33,1.74,1.56,1.61
Europe,Central Europe,Poland,2.61,2.25,2.23,2.47,2.27,1.96,1.97,2.03,2.02,1.9,1.83,1.91,1.9,1.91,1.87,1.93,1.92,2,1.75,1.8,1.85,1.8,1.81,1.8,1.92,2.14,1.95,1.9,2.04,1.98,2.23,2.22,2.39
Europe,Central Europe,Romania,4.55,4.77,4.25,2.74,3.11,2.61,2.37,3.02,3,2.64,2.5,2.42,2.29,2.09,2.01,2.01,1.85,1.49,1.4,1.28,1.23,1.24,1.17,1.29,1.35,1.45,1.43,1.73,1.79,1.84,2.01,1.86,1.73
Europe,Central Europe,Serbia,NA,NA,NA,NA,NA,NA,3.51,3.79,3.51,4.01,5.15,4.03,4.21,3.45,2.97,2.27,2.17,2.25,2.13,2.16,2.09,2,1.97,1.9,1.94,1.83,1.75,1.84,1.61,2.21,2.1,2.01,2.28
Europe,Central Europe,Slovakia,NA,NA,NA,2,1.94,3.15,2.97,2.28,1.74,1.57,1.66,1.84,1.78,1.84,1.65,1.68,1.59,1.48,1.46,1.52,1.25,1.07,1.08,0.98,0.98,1.11,1.12,1.1,1.22,1.7,1.92,1.77,1.76
Europe,Central Europe,Slovenia,NA,NA,2.25,1.82,1.65,1.57,1.54,1.4,1.36,1.21,1.09,1.3,1.39,1.4,1.43,1.42,1.54,1.44,1.49,1.59,1.6,1.29,1.17,1.05,0.97,0.93,1,0.98,0.98,1.05,1.06,1.24,1.19
Europe,Eastern Europe,Armenia,NA,NA,2.2,2.3,NA,4.06,3.28,3.91,3.53,3.7,3.56,3.13,2.7,2.73,2.74,2.87,2.95,3.04,3.4,4.16,4.27,3.85,3.58,4,3.94,4.24,4.09,3.85,4.12,4.79,4.98,4.47,4.32
Europe,Eastern Europe,Azerbaijan,NA,NA,2.4,5,1.95,2.74,2.25,2.32,2.41,2.63,2.27,2.31,2.24,2.43,2.63,2.3,3.42,2.86,3.29,3.33,2.79,4.67,4.66,4.54,4.56,5.46,3.69,3.76,3.56,3.87,5.39,5.27,4.55
Europe,Eastern Europe,Belarus,NA,NA,1.62,2.79,3.62,1.7,1.26,1.77,1.5,1.37,1.35,1.44,1.4,1.3,1.36,1.5,1.71,1.65,1.45,1.37,1.34,1.22,1.23,1.27,1.27,1.26,1.25,1.15,1.18,1.2,1.15,1.12,1.2
Europe,Eastern Europe,Georgia,NA,NA,NA,NA,NA,NA,2.21,1.25,1.14,0.92,0.62,0.74,1,1.07,1.37,3.34,5.22,9.16,8.52,5.61,3.71,3.1,2.98,2.57,2.36,2,2.08,1.97,1.9,1.78,1.81,1.61,1.43
Europe,Eastern Europe,Moldova,NA,NA,NA,0.53,0.77,0.93,0.91,0.9,0.62,0.51,0.39,0.4,0.42,0.42,0.36,0.4,0.48,0.52,0.61,0.46,0.26,0.27,0.27,0.28,0.29,0.3,0.34,0.32,0.33,0.36,0.37,0.37,0.32
Europe,Eastern Europe,Russia,NA,NA,4.43,4.18,4.52,3.78,3.76,4.04,2.73,3.07,3.31,3.55,3.76,3.67,3.3,3.33,3.25,3.12,3.15,3.92,3.59,3.43,3.69,3.85,4.11,4.87,5.43,4.25,3.72,3.86,4.17,3.72,4.06
Europe,Eastern Europe,Ukraine,NA,NA,0.32,0.35,1.8,2.04,2.19,2.79,2.11,1.9,2.15,1.89,1.98,2.12,1.97,2.41,2.39,2.47,2.3,1.91,1.9,1.53,1.61,1.58,2.25,3.25,3.15,2.88,3.19,3.52,3.81,3.23,33.55
Europe,Western Europe,Austria,1.2,1.15,1.1,1.12,1.09,1.07,1.05,1.05,1.02,0.98,0.98,0.91,0.88,0.91,0.89,0.85,0.79,0.9,0.87,0.83,0.82,0.79,0.78,0.75,0.75,0.7,0.73,0.76,0.75,0.75,0.88,0.87,0.77
Europe,Western Europe,Belgium,2.36,2.29,1.83,1.74,1.68,1.57,1.54,1.48,1.46,1.39,1.34,1.28,1.22,1.21,1.15,1.1,1.06,1.1,1.22,1.17,1.09,1.05,1.04,1.01,0.97,0.91,0.89,0.88,0.89,0.89,1.01,1.05,1.18
Europe,Western Europe,Cyprus,7.37,7.26,9.13,4.07,4.02,3.04,4.52,5.57,4.68,2.73,2.82,3.15,2.13,1.99,1.96,2.04,1.9,1.68,1.63,1.82,1.85,1.74,1.65,1.61,1.54,1.65,1.4,1.57,1.76,1.79,1.94,1.91,1.81
Europe,Western Europe,Denmark,1.95,1.95,1.89,1.91,1.77,1.69,1.64,1.62,1.61,1.56,1.46,1.53,1.51,1.47,1.42,1.31,1.38,1.31,1.36,1.35,1.4,1.31,1.35,1.23,1.15,1.11,1.15,1.14,1.28,1.3,1.38,1.32,1.42
Europe,Western Europe,Finland,1.56,1.78,1.91,1.87,1.76,1.42,1.53,1.54,1.46,1.22,1.24,1.14,1.15,1.45,1.47,1.46,1.44,1.29,1.39,1.56,1.49,1.49,1.53,1.53,1.45,1.45,1.42,1.35,1.36,1.35,1.43,1.26,1.72
Europe,Western Europe,France,2.81,2.81,2.69,2.69,2.66,2.49,2.41,2.38,2.23,2.18,2.09,2.03,2.05,2.1,2.1,2.02,1.98,1.91,1.9,2.1,1.97,1.89,1.87,1.85,1.86,1.87,1.92,1.91,1.84,1.84,2,1.92,1.94
Europe,Western Europe,Germany,2.52,2,1.86,1.69,1.55,1.5,1.47,1.41,1.39,1.4,1.36,1.32,1.33,1.32,1.27,1.07,1.2,1.17,1.21,1.31,1.27,1.21,1.24,1.19,1.15,1.14,1.15,1.15,1.17,1.26,1.37,1.33,1.39
Europe,Western Europe,Greece,3.8,3.48,3.63,3.6,3.58,3.17,3.31,3.37,3.53,3.36,3.47,3.25,3.08,2.49,2.61,2.84,2.78,2.68,2.98,3.22,2.75,2.52,2.44,2.37,2.35,2.46,2.57,2.56,2.72,2.62,3.06,3.86,3.69
Europe,Western Europe,Iceland,NA,NA,NA,NA,NA,NA,NA,NA,NA,NA,NA,NA,NA,NA,NA,NA,NA,NA,NA,NA,NA,NA,NA,NA,NA,NA,NA,NA,NA,NA,NA,NA,NA
Europe,Western Europe,Ireland,1.2,1.25,1.2,1.14,1.11,1.01,0.99,0.92,0.82,0.75,0.7,0.7,0.63,0.59,0.57,0.54,0.51,0.51,0.58,0.6,0.57,0.54,0.51,0.5,0.46,0.34,0.34,0.31,0.29,0.28,0.27,0.25,0.23
Europe,Western Europe,Italy,1.88,1.86,1.75,1.79,1.71,1.47,1.59,1.63,1.64,1.68,1.74,1.68,1.71,1.71,1.68,1.6,1.52,1.45,1.54,1.55,1.5,1.48,1.43,1.4,1.28,1.21,1.33,1.36,1.36,1.31,1.74,1.72,1.68
Europe,Western Europe,Luxembourg,0.79,0.81,0.83,0.71,0.74,0.6,0.59,0.61,0.64,0.57,0.54,0.68,0.59,0.61,0.61,0.58,0.52,0.5,0.36,0.37,0.44,0.38,0.36,0.36,0.37,0.42,0.38,0.5,0.5,0.55,0.58,0.47,0.7
Europe,Western Europe,Malta,0.91,0.87,0.97,1,1.02,0.84,0.87,0.82,0.73,0.68,0.63,0.67,0.64,0.63,0.67,0.82,0.65,0.62,0.62,0.68,0.65,0.58,0.53,0.51,0.49,0.47,0.51,0.48,0.44,0.51,0.58,0.5,0.5
Europe,Western Europe,Netherlands,2.37,2.25,2.21,2.03,1.91,1.79,1.76,1.66,1.58,1.59,1.43,1.44,1.43,1.44,1.43,1.4,1.39,1.35,1.31,1.4,1.33,1.29,1.24,1.17,1.16,1.13,1.16,1.16,1.22,1.32,1.44,1.38,1.58
Europe,Western Europe,Norway,2.89,2.75,2.96,2.69,2.73,2.31,2.16,2.02,2.16,2.04,1.71,1.7,2.08,1.97,1.85,1.58,1.44,1.46,1.37,1.6,1.51,1.44,1.39,1.41,1.46,1.5,1.62,1.71,1.72,1.84,1.97,1.72,1.64
Europe,Western Europe,Portugal,1.84,1.83,1.81,1.79,1.68,1.71,1.6,1.54,1.42,1.43,1.41,1.44,1.46,1.43,1.5,1.59,1.51,1.38,1.42,1.53,1.49,1.49,1.41,1.44,1.31,1.33,1.54,1.24,1.34,1.37,1.43,1.54,1.35
Europe,Western Europe,Spain,2.29,2.13,2.04,2.01,2,1.92,1.81,1.72,1.76,1.76,1.73,1.63,1.46,1.42,1.43,1.39,1.37,1.36,1.37,1.36,1.39,1.33,1.42,1.27,1.25,1.27,1.14,1.23,1.25,1.23,1.37,1.37,1.47
Europe,Western Europe,Sweden,2.57,2.45,2.44,2.39,2.28,2.16,2.14,1.95,1.87,1.89,1.83,1.71,1.64,1.6,1.44,1.41,1.32,1.3,1.16,1.16,1.19,1.1,1.13,1.11,1.13,1.07,1.05,1.02,1.03,1.09,1.15,1.19,1.31
Europe,Western Europe,Switzerland,1.57,1.54,1.52,1.37,1.33,1.36,1.28,1.22,1.19,1.09,1.03,0.99,0.96,0.93,0.89,0.83,0.75,0.72,0.72,0.73,0.69,0.69,0.67,0.71,0.63,0.65,0.66,0.67,0.65,0.7,0.86,0.78,0.76
Europe,Western Europe,United Kingdom,3.98,4.12,3.86,3.59,3.38,2.85,2.72,2.56,2.5,2.42,2.37,2.41,2.49,2.55,2.5,2.42,2.37,2.37,2.49,2.65,2.57,2.5,2.42,2.29,2.18,2.04,1.98,1.95,1.94,1.98,2.16,2.16,2.23
Europe,Western Europe,European Union,NA,NA,NA,NA,NA,NA,NA,NA,NA,NA,NA,NA,NA,NA,NA,NA,NA,NA,NA,NA,NA,NA,NA,NA,NA,NA,NA,NA,NA,NA,NA,NA,0.01
Middle East,Middle East,Bahrain,5.28,5.7,5.88,5.37,5.11,5.18,5.27,5.07,5.33,5.5,3.96,4.15,4.61,4.66,4.04,3.21,3.1,2.96,2.8,3.61,3.28,3.59,3.84,4.14,4.42,4.64,4.67,4.32,4.04,4.03,4.05,3.55,3.17
Middle East,Middle East,Egypt,3.47,3.61,3.22,3.1,3.15,3.08,2.97,2.84,2.66,2.57,2.55,2.99,3.28,3.18,2.88,2.71,2.61,2.38,2.18,2.03,1.95,1.84,1.65,1.61,1.69,1.72,1.67,1.42,1.25,1.18,1.12,1.12,1.06
Middle East,Middle East,Iran,2.94,2.17,1.79,1.7,2.07,2.15,2.24,2.5,2.63,2.4,2.3,2.42,2.17,2.41,2.83,3.04,3.32,2.65,2.68,3.05,2.79,2.38,2.69,2.18,2.12,2.56,2.8,2.84,2.24,2.01,1.97,2.19,2.59
Middle East,Middle East,Iraq,NA,NA,NA,NA,NA,NA,NA,NA,NA,NA,NA,NA,NA,NA,1.68,2.24,1.9,2.24,2.37,2.9,2.71,2.3,1.9,3.32,2.95,5.41,3.56,3.86,2.83,3.28,3.35,2.3,1.67
Middle East,Middle East,Israel,12.36,15.59,10.93,11.52,10.12,7.92,7.73,7.48,6.98,6.53,6.3,6.51,6.59,6.49,6.36,6.26,6.05,6.37,6.39,6.15,5.94,5.77,5.64,5.46,5.64,5.42,5.41,5.43,5.28,5.05,5.28,4.98,4.51
Middle East,Middle East,Jordan,7.75,9.97,6.92,6.98,6.54,4.45,6.03,6.13,6.27,6.28,6.26,5.89,5.45,6,5.14,4.8,4.66,5.85,5.99,6.39,5.74,5.4,4.66,4.19,4.2,4.19,4.44,4.68,4.56,4.57,4.7,4.81,4.84
Middle East,Middle East,Kuwait,48.52,117.35,31.79,12.44,13.26,13.58,10.29,8.09,8.8,7.59,7.15,7.7,7.4,6.54,5.8,4.34,3.54,3.59,3.01,3.97,3.76,3.5,3.41,3.27,3.59,5.01,5.89,5.61,5.19,5.42,6.57,6.59,4.53
Middle East,Middle East,Lebanon,7.55,5.15,7.98,6.01,7,6.71,5.66,4.31,4.02,4.77,5.39,5.45,4.75,4.68,4.51,4.48,4.58,4.63,4,4.02,4.13,4.06,3.99,4.17,4.68,4.49,5.06,4.51,4.85,4.24,3.03,3.37,NA
Middle East,Middle East,Oman,12.39,11.06,12.18,11.53,11.77,10.97,9.41,9.36,8.22,7.52,7.09,8.2,8.1,7.96,7.86,7.71,7.1,6.72,4.96,6.07,5.65,6.45,10.58,9.75,8.86,9.57,10.56,8.41,8.27,7.44,8.03,6.56,5.17
Middle East,Middle East,Qatar,10.74,13.01,NA,NA,NA,NA,NA,NA,NA,NA,NA,NA,3.93,3.33,2.43,1.99,1.75,1.96,2.01,1.99,1.47,NA,NA,NA,NA,NA,NA,NA,NA,NA,NA,6.45,6.96
Middle East,Middle East,Saudi Arabia,14.02,12.47,11.28,12.47,10.64,9.28,8.47,11,14.31,11.38,10.53,11.42,9.76,8.69,8.08,7.73,7.85,8.53,7.35,9.62,8.57,7.23,7.68,8.98,10.68,13.33,9.87,10.22,9.14,8.13,9.18,7.58,7.42
Middle East,Middle East,Syria,6.87,10.43,8.99,7.24,7.36,6.95,6.04,5.88,5.81,5.81,5.45,5.48,5.41,6.25,5.54,5.03,4.39,4.1,3.55,4.03,4.06,NA,NA,NA,NA,NA,NA,NA,NA,NA,NA,NA,NA
Middle East,Middle East,TÃ¼rkiye,3.53,3.75,3.87,3.92,4.05,3.9,4.14,4.1,3.18,3.89,3.66,3.6,3.8,3.3,2.7,2.41,2.36,2.22,2.2,2.49,2.27,2.03,2.01,1.92,1.87,1.81,2.05,2.05,2.52,2.69,2.43,1.9,1.23
Middle East,Middle East,United Arab Emirates,NA,NA,NA,NA,NA,NA,NA,6.76,8.63,7.67,8.32,5.61,4.88,4.69,4.61,3.66,3.23,3.28,3.67,5.46,6.04,5.47,5.08,6.03,5.64,NA,NA,NA,NA,NA,NA,NA,NA
Middle East,Middle East,"Yemen, North",NA,NA,NA,NA,NA,NA,NA,NA,NA,NA,NA,NA,NA,NA,NA,NA,NA,NA,NA,NA,NA,NA,NA,NA,NA,NA,NA,NA,NA,NA,NA,NA,NA
Middle East,Middle East,Yemen,6.55,7.01,7.28,7.06,8.4,6.35,5.28,5.81,6.08,5.17,4.92,5.48,6.9,6.85,5.3,4.87,4.31,4.85,4.45,5.65,4.69,4.93,4.57,4.08,3.97,NA,NA,NA,NA,NA,NA,NA,NA